"error_sett","srs_eff"
"TPR = 99%, FPR = 1%",1.45573709604054
"TPR = 95%, FPR = 5%",0.997608310152098
"TPR = 80%, FPR = 20%",0.410954814641475
"TPR = 50%, FPR = 50%",0.183448487200715
