"error_sett","srs_eff"
"TPR = 99%, FPR = 1%",1.3084928817388
"TPR = 95%, FPR = 5%",0.98816148901007
"TPR = 80%, FPR = 20%",0.435632942083978
"TPR = 50%, FPR = 50%",0.183448487200715
